town ,restaurant visited,date,count,meal,notes,
Abington,Yaz's Table,"May 28, 2023",104,breakfast,https://www.facebook.com/jessicaebowen/posts/pfbid02viMsvGHy92B1P7vdrCUEdTpJrVSm8yQuWsbG9CCHtruXj7ABTfhbAuk564SBNkLZl,"we didn't like this one - it was Egyptian which did not make for a good breakfast. also, SO LOUD! and they wouldn't give us salt and pepper. "
Acton,True West,"Mar 6, 2022",60,lunch,,
Acushnet,The Mill Restaurant,"May 17, 2025",275,breakfast,https://www.facebook.com/jessicaebowen/posts/pfbid0N97ujaJKQbf8Vk42ZS9L7QtqsNU557RxeP5sfryWgegPixPFEUPAZcxg8TGH7VSVl,
Adams,AJ's Trailside Pub,"April 22, 2025",270,supper,https://www.facebook.com/jessicaebowen/posts/pfbid02UQLZYuBLsEuDngLAHu5WhDQKca3yeSEHFMCx7WUNHzDGzBZbmsy4oQLuDgbrwSfQl,
Agawam,Six Flags,,,,,
Amesbury,Sally & David's house`,,,,Matt & Nina's wedding reception,
Amherst,Harp Irish Pub,"November 26, 2023",173,lunch,https://www.facebook.com/jessicaebowen/posts/pfbid0CvfrwcnwttEAysX6raaqB2UdweeHbax3aXdAeiFk5dvp5SiLY8J7fJ7APVPfk6Fgl?notif_id=1701029688159601&notif_t=feedback_reaction_generic&ref=notif,
Andover,,,,,,
Aquinnah,Orange Peel Bakery,"July 21, 2023",132,lunch,https://www.facebook.com/jessicaebowen/posts/pfbid02kpcjeX9BxFrjQfJow87Top2A1v8H589EuJQ1kiVAZ9KmwifJSFBpdqLGZE97isozl,
Arlington,Menotony Grille,"February 23, 2024",195,supper,with Jeb and Michelle,https://www.facebook.com/jessicaebowen/posts/pfbid0bLRuc5jZehhPACxruK3ZaST7PF9pfmbvXSqoc1KXV1LivkcuAc8t3ktwjVKpV1bWl
Ashburnham,The Ramble,"August 24, 2024",235,supper,picnic at the music festival ,https://www.facebook.com/jessicaebowen/posts/pfbid02pHThbe3s4ikjJtik87W6CrgJ2dGht4VFpwweUSqKjrYoDG1hghgXLMu9HcK8z6VXl?notif_id=1724540530459280&notif_t=feedback_reaction_generic&ref=notif
Ashby,Smith Hill Tavern,"December 6, 2023",176,supper,https://www.facebook.com/jessicaebowen/posts/pfbid02GL8LEsmcsQ7r1QC7d8FN3rZo5n8i8sgrhBfkmonRq7sbS9Eq5RLive8zUWz9Csyvl,
Ashland,Oregon Club,"March 28, 2014",45,,,
Athol,Los Agaves,"July 17, 2024",226,supper,https://www.facebook.com/jessicaebowen/posts/pfbid0vffPaussrFQqxZAsiYkvznF9eY26NnLbMNJRURfxBqtH9EjChJUjLsGLx2rAc7pyl,
Attleboro,Burgundian,"December 29, 2023",180,supper,https://www.facebook.com/jessicaebowen/posts/pfbid0W6MhgTDYwVRBXgFWG4EaS1xpcq5rWdQK4wVZakCs3yPmKGFr9AiQTVWKhh8chD6Gl,
Auburn,,,,,,
Avon,Ben's Pour House,"March 24, 2024",203,brunch,https://www.facebook.com/jessicaebowen/posts/pfbid02McQxHM1w7smoNF6ixdmqccmnF3cAg3ZUjvoAvE2WgJkjqGkb6kFPVbGAQYgMaHxyl?notif_id=1711303377990718&notif_t=feedback_reaction_generic&ref=notif,
Ayer,Lucia Tavola,"June 2, 2023",106,supper,https://www.facebook.com/jessicaebowen/posts/pfbid0NWn5kT7oRP8QRhCBJzGNYCFnu496QHxeCKiNeafwWAV3myq1NXqQxixqyxUt3m6Kl,
Barnstable,Spanky's Clam Shack,"July 10, 2024",224,supper,https://www.facebook.com/jessicaebowen/posts/pfbid031hMk78kwNxose1zWkAD5me3mrnWMPWf3PMeEaW719ETrjDLo1U8EfyrPZ6xdH3F9l,
Barre,Stone Cow brewing,"Jul 1, 2022",,lunch,numbering is off because we never posted this visit but Chris has pics on his phone,
Becket,Neon Newt Cafe,"November 8, 2025",292,breakfast,https://www.facebook.com/jessicaebowen/posts/pfbid0c8859ccUUcdRphsV8vtKmEn39DNxrcf2JG8dXugBorsXfnpWwzzX1D77VHasx5zrl,
Bedford,Peppers Grille,"November 25, 2023",172,supper,https://www.facebook.com/jessicaebowen/posts/pfbid031f3fMSYaaW1BioS5bBjTwjXKnpfU7in41y3ujiw5WKQUhsGafyZz9t26jaHWN947l,
Belchertown,McCarthy's Pub,"November 1, 2023",163,supper,https://www.facebook.com/jessicaebowen/posts/pfbid033ji6ZPn7tES1MMTpx98DqQkGNfZFtLrxY5fQgPcSzN4Tmp6pbD52rewgrBBr4W41l,
Bellingham,Bellingham Palace,,,,,
Belmont,Trinktisch,"October 8, 2023",153,lunch,https://www.facebook.com/jessicaebowen/posts/pfbid0XqzHFuzMn9ivGyFYDnn8UZRTTvVVb5vck4AAXKkoPrkcnYsRQQAsLNP1ZVZiTMpJl,
Berkley,Boondocks,"October 22, 2023",159,breakfast,https://www.facebook.com/jessicaebowen/posts/pfbid02WKkYaEDhyjgnWkWxp8EHt7EeirtVDfbjSe6zVzmvVcYeb1xnsYwHGVedXEB9Tuhyl,
Berlin,,,,,,
Bernardston,The Farm Table,"March 9, 2025",263,brunch,https://www.facebook.com/jessicaebowen/posts/pfbid02fsjVnSJFQR5kej1Vy4iaht8pdLx1YevM1hALgiT5BezdkFK7hUJ9mgMxGZ9kWGwql,
Billerica,Mangia Mangia,"June 8, 2023",108,supper,https://www.facebook.com/jessicaebowen/posts/pfbid02jrgGipY3TLib8it5cqVez6DRpamoAgKmRrDTN2zUm2QcpdaXgwoMHtPJ5oXycvd1l,
Blackstone,Roast House ,"October 13, 2023",155,supper,https://www.facebook.com/jessicaebowen/posts/pfbid02gC1TZ6Gr5YudzxYLQxurGLF4CD3LxcCnaijWijWfP4CdKJhmPjbF5dmtdgzxjeUyl,
Blandford,Blandford Fair,"August 31, 2025",284,supper,https://www.facebook.com/jessicaebowen/posts/pfbid02CXmen6RexSVu8tSBN1gjWkWkKH9eiQXvqGPjww3kdvimQMkJTRvJdtJ6WLCuWh6dl,
Bolton,Bolton Bean,,,,,
Boston,Hotel Commonwealth,"December 1, 2017",49,,,
Bourne,Bourne Breakfast Club,"July 11, 2024",225,breakfast,https://www.facebook.com/jessicaebowen/posts/pfbid02PVFKLbZkzTovAnfpgJAE1nEtqoKPoqmKhkENM18qXZYSQZc81LbqrR4SXg3mtxhxl,
Boxborough,,,,,,
Boxford,West Village Provisions,"June 15, 2024",216,breakfast,https://www.facebook.com/jessicaebowen/posts/pfbid02vzkyKAJrLYqKZBRKxKVrreq5NwwjWoem4uxi146EEdgf55eQNxacuTbHwnwLBTbvl,
Boylston,Chefees,"January 23, 2022",59,,,
Brewster,Island Blue Crab,"July 9, 2024",222,supper,https://www.facebook.com/jessicaebowen/posts/pfbid0HC3t9LGfo88XxZ31K3pYGab4NwvUj9RP4VqTAtFjvRGvBWv8eeLXPbFXKUGtB5Xvl,
Bridgewater,Greyhound Tavern,"April 7, 2024",205,brunch,https://www.facebook.com/jessicaebowen/posts/pfbid02zoeaesoxKCJksUj2M38k43drWAbrQqhdzPfQSsFVq8s2SVHvCkqRRGh5jsEsTv4dl,
Brimfield,Apple Barn Cafe,"October 28, 2023",161,breakfast,https://www.facebook.com/jessicaebowen/posts/pfbid0MPt4q3eHxaDT18aph1bV82MEhfMQFXyCERaRoTQfYzuMKRRoZnd3ykt3ZqPqMxwBl,
Brockton,Reid's,"October 7, 2023",152,breakfast,https://www.facebook.com/jessicaebowen/posts/pfbid02KFosnta97CtNuyMUc6G421HZwxFhjEJkoWK5ZnoJygxfUDQ8M8iRkjMu2RUy9ff7l,
Brookfield,Clam Box,"May 30, 2024",214,supper,https://www.facebook.com/jessicaebowen/posts/pfbid0aCrCoUEZXcoDV2EWiSmhCyqzETfJRNU6w9GRuRJckiXCrDdPmhzBzTXd8Niq7ADdl,
Brookline,The Abbey,"July 23, 2025",281,lunch,https://www.facebook.com/jessicaebowen/posts/pfbid0Cer9WG7w5K2urVk6UNXXLTRYVoPmcQNmCHT27dtCDfHB8noqmoPWUKy7S3fk5Am7l?comment_id=1283904409852904&notif_id=1753301592830434&notif_t=feed_comment&ref=notif,
Buckland,West End Pub,"May 20, 2023",99,,https://www.facebook.com/jessicaebowen/posts/pfbid034pdXajxNKj3m3DihA5MxKzDBg4bFnhYXvEeoauojxnfr24sFFGq6RU5F1pENrioRl,Shelburn Falls Village in Buckland
Burlington,Island Creek Oyster,,,,,
Cambridge,Fire & Ice,"February 11, 2012",49,,https://www.facebook.com/jessicaebowen/posts/pfbid0ScftsmKewRYQJ6tpVCDX1TQyKSPd8ZNxsq6sCtBL1WrQH52MkXgR37GoaowtMTEol,
Canton,Northern Spy,"December 2, 2023",174,brunch,https://www.facebook.com/jessicaebowen/posts/pfbid0K2BpZXzDk91RrHBERaK5fYGaYLf87THsGFyE5mrxtX22oHZfrU3fwnXoNEpHHgswl,
Carlisle,Ferns Country Store,"April 1, 2023",88,,https://www.facebook.com/jessicaebowen/posts/pfbid0zWqijQqWqqxr8jm8AP3vAxYPPtnBncYKFT5t9qCuczLba8HUVwW5YJgsibJf3fenl,
Carver,King Richard's Faire,"September 1, 2024",236,lunch,https://www.facebook.com/jessicaebowen/posts/pfbid0nu69QzRJyAVJM3BFUYM4jxAe3NMcpKBnYZUQoRjru8N3LRtZT9YkiLyTVC8xTVDZl,
Charlton,Yankee Diner,"March 29, 2025",265,breakfast,https://www.facebook.com/jessicaebowen/posts/pfbid02GgpgjAeY3HAo3spw4XMGtM4cNmjwcsQNfAy5xczBnpnxi4pPQuQbvbBzTjG9vdRVl,
Chatham,The Chatham Inn ,"Feb 21, 2023",75,,https://www.facebook.com/jessicaebowen/posts/pfbid0ZdHD4TuhUJD5JZNEoRwmRcDYiywZV1LsmB4SxohZwybjzeJXDkXUTbxMhx8ctCzTl,
Chelmsford,Moonstones,"May 10, 2023",95,,https://www.facebook.com/jessicaebowen/posts/pfbid02mbTm5iD6bXeXpPs28zAvjAjnkYgLP6M8o2gVJKwwFNkowEdzoyyaZYbGxeVrUuCdl,
Chelsea,Ciao! Pizza and Pasta,"March 22, 2026",299,lunch,https://www.facebook.com/jessicaebowen/posts/pfbid02wURMNpAZxFGsCRg8U7ruTP1vw12hmpGHKjGHd4K8nBSDGuUP44Nry5m9Hw5TxgM1l?notif_id=1774209702172479&notif_t=feedback_reaction_generic&ref=notif,
Chester,Carm's,"September 16, 2023",146,lunch,https://www.facebook.com/jessicaebowen/posts/pfbid0CGJHYr2no8i78fW98sJmpUzZRVAqvuurARQ5VDmDanFwdEGde9SHYtTjQvrEZqYGl,
Chicopee,Munich Haus,"March 2, 2025",262,lunch,https://www.facebook.com/jessicaebowen/posts/pfbid032frJMAsRzoR2YFQz718asrQJcdrWDz2myEE7J5jMwQpdzUSRq8yDT1xLULANmC1gl,
Chilmark,Chilmark General Store,"July 23, 2023",134,lunch,https://www.facebook.com/jessicaebowen/posts/pfbid0294AwaYsT6HmPKwwJtmvUGzKagHjdzD9jwEpqtyhzwbbxqx1pqw7HmUgCM1mihtF9l,
Clinton,,,,,,
Cohasset,Salty Days Fish,"May 27, 2023",102,,https://www.facebook.com/jessicaebowen/posts/pfbid0axDZws4PCB16QCh9PKACbyNaGzNDro7cZ2CHcJ28BcowryqUW2G7yceAyAVKxFdYl,
Colrain,Pine Hill Orchard,"July 5, 2025",280,lunch,https://www.facebook.com/jessicaebowen/posts/pfbid02ea8ALm9Wek2EjeAjwUZcuFMDEJc9bYTy42thMuFmtnF8rQEmadwJa5F5fGa2igwTl,
Concord,,,,,,
Conway,Bakers Country Store,"February 3, 2024",188,lunch,https://www.facebook.com/jessicaebowen/posts/pfbid02LXGAJMhnuU8Ap2396kBCqNHJiq2q2HH3bih3rrkNkmikv6UMtdgS2yjyUGV9Hwp8l,
Cummington,Cummington Fair,"August 23, 2024",233,supper,https://www.facebook.com/jessicaebowen/posts/pfbid0uACwiLKSCsdDc6wiNrDmnGyyDt14sDUjtpH676FgNBR1h3a2WVCat1vpH8TKDBFRl,
Dalton,Juice n' Java,"July 6, 2023",123,breakfast,https://www.facebook.com/jessicaebowen/posts/pfbid0Lc4LAXbrqJNgybYHik8JfVhsWQkg8K2nXJgcdA1SUZN7stcgiKFHQTtQk5MGa789l,
Danvers,Danversport Yacht Club,"July 6, 2020",,,Grampy's funeral,https://www.facebook.com/photo?fbid=3640155459334299&set=gm.2717935591774879
Dartmouth,Little Moss,"June 18, 2023",112,supper,https://www.facebook.com/jessicaebowen/posts/pfbid02wtkiGL7mWNZuSn3pe47rK4qAyhMm6yZn9bjt6AmpmEBHPtMVSNTyhkRB27wQuBdql,
Dedham,Horse Thieves Tavern,"October 15, 2023",156,lunch,https://www.facebook.com/jessicaebowen/posts/pfbid02gt68UhuEdUURT5iWB2PTpHsrPJsPVagdhh5UFTfo69sDPzPPVzd6sVJePF4rngFYl,
Deerfield,Deerfield Inn,"February 4, 2024",190,breakfast,https://www.facebook.com/jessicaebowen/posts/pfbid0vh6ixdRDJShyEGJEUrW5iQ5J9QJzWpjWRK4x7wuhwqerumwraK8D6fz9F65KZet4l,
Dennis,Pelham House Rooftop Deck,"July 8, 2024",221,supper,https://www.facebook.com/jessicaebowen/posts/pfbid0h7EjxrZ5nXu8rP7syBT8Fi3zMJiVeMqtSmBxDNh7Zifso1SExMKD7wwoegPuLTFKl,
Dighton,Alice's Last Stop,"December 16, 2023",179,breakfast,https://www.facebook.com/jessicaebowen/posts/pfbid0ngiYxMwZjfkPcReqRtbfr7Kv3yzixPvbbfTXu3BxYSyN4wBDbW3TdqLLqwxDWrYRl,
Douglas,Picket Fence,"June 17, 2023",110,breakfast,https://www.facebook.com/jessicaebowen/posts/pfbid04E92xYqwQRKhn5D61ZbBh1YvqsdKjbRy7eMXHu2v4PnFyktpLZNh1KpnFf9tCJDcl,
Dover,none - picnic,"October 25, 2023",160,supper,https://www.facebook.com/jessicaebowen/posts/pfbid02T9BqwRdtYuLGV4PDWG7rGTr2FDY2yKzAskrPWTxat3RzGwwehaX5vKhumsycxCgYl,
Dracut,ML Shaws,"May 11, 2024",213,breakfast,https://www.facebook.com/jessicaebowen/posts/pfbid0DYuwozqMw27gA5ADZnNrVVSnoGz99pYJCazGEaZqNa2GMMbQD9BvapgRxm6dDNJel,
Dudley,Sturbridge Coffee Roasters,"September 29, 2024",241,breakfast,https://www.facebook.com/jessicaebowen/posts/pfbid0MW5S4w2MzBcgmPcWJHGKASqDBrUDTh4BzfR7W4z1kvW6fuxnYy22tj5wp5d9wvZal,
Dunstable,Farmhouse Cafe,"September 28, 2024",240,breakfast,https://www.facebook.com/jessicaebowen/posts/pfbid0cE6o32h3gLMv1G6UTjRQJr8gAB5C8hPj9J5dmaiKG6UaQCyaC27gPtLuax8XxKacl,
Duxbury,French Memories,"December 27, 2024",256,lunch,https://www.facebook.com/jessicaebowen/posts/pfbid03RpfvF94iQpRN4PJ6jZk5keWRJSCnD984qo9mgU27Y9nBb9NcqQB2XmLXGe3gVpwl,
East Bridgewater,Fiesta,"December 15, 2024",255,lunch,https://www.facebook.com/jessicaebowen/posts/pfbid0mEH4cJBa3yfYJgvbpSGvR57nM33vNkmqUMSN1E7sF1x1krBxSZxcqzypYZ5Gi3w4l,
East Brookfield,308 Lakeside,"April 15, 2023",91,supper,https://www.facebook.com/jessicaebowen/posts/pfbid031azFujtvmMJcvnw7UYzomfihxbk48abyhZRTB7UJwe9x81TqLhK9P53dAATvDuxhl,
East Longmeadow,East Village Tavern,"April 13, 2025",268,brunch,https://www.facebook.com/jessicaebowen/posts/pfbid02jRHhRBBzcmVUFuSZCXUXeCffCcTLpS7XcrDC1DnBnvmRy7f4d5U79Rm7VtuBVYM4l,
Eastham,Brine,"Feb 22, 2023",79,supper,https://www.facebook.com/jessicaebowen/posts/pfbid031vBR8L1khk9ryC8Qp8ipLHHja3X6MASo5SQaKqriWGnYmfEk1kpLCb4vcndQX87zl,
Easthampton,The Silver Spoon,"January 18, 2025",259,breakfast,https://www.facebook.com/jessicaebowen/posts/pfbid0KUJXrcqJaLf2BzUZZR8kpdPDzQDE9nbAPZeAD3ooN9TkzMQZpAv6As4VpXjMuEXtl,
Easton,The Farmer's Daughter,"February 25, 2024",196,brunch,https://www.facebook.com/jessicaebowen/posts/pfbid02RXLUeTq81CN9GVqtqiMqmZSJHgPScCywAH5cnGuGRnpw8JNrWU6Kxwf9fJceMxBKl,
Edgartown,Among the Flowers,"July 20, 2023",131,breakfast,https://www.facebook.com/jessicaebowen/posts/pfbid02npNvYst6M35hWFekf4A1VY5U1Rk4woj53C4PpsJgu2JiB5AYEZfidd8CLsQ9gae3l,
Egremont,The Old Mill,"September 16, 2023",147,supper,https://www.facebook.com/jessicaebowen/posts/pfbid02tWmnurM4C6mwP1ixKNqXxeWhcJC84UbdMteRbwGauB2444DpG7xh1Wk2xzmktzcDl,
Erving,Freight House Antiques,"February 4, 2024",191,lunch,https://www.facebook.com/jessicaebowen/posts/pfbid026VDAJuYpgRDo8gDQPdeksS7Kaa5BDEkvp4PjmuunKvKszaAXtfA5nRrn62NfoNoRl,
Essex,Essex Seafood,"Jul 18, 2012",41,,,
Fairhaven,Little Village Cafe,"April 14, 2024",206,breakfast,https://www.facebook.com/jessicaebowen/posts/pfbid02eaJP2EcZzDmhvAnzvU4JH4f4BZrDAoqmi49oBjRJs1Ej2JuXtRX7s8uL6ktwhg9ql,
Fall River,Douro Steakhouse,"March 27, 2026",300,supper,https://www.facebook.com/jessicaebowen/posts/pfbid0292yYBXtr8PDLvYAdfQYSL4wD5qgzyFn6L6VRok35FrfbMuRkzeiy5cHRs8SsBf94l,
Falmouth,Pie in the Sky,"July 18, 2023",128,breakfast,https://www.facebook.com/jessicaebowen/posts/pfbid028PQXyuFrZha8okEPX5zVs5mhvPgrrxqTLHLnpg2e8VMJJLTJeDkpthVeF7p8uiql,
Fitchburg,Mill No. 3 Farmstand,"June 24, 2023",116,lunch,https://www.facebook.com/jessicaebowen/posts/pfbid02w9QBuHKqyyAPtSj3MekoFdbYW1D57aaF4mLr25PTq1rtP24nfmsibB8sM2jMMuypl,
Florida,picnic at gazebo,"April 22, 2025",269,lunch,https://www.facebook.com/jessicaebowen/posts/pfbid023MQa9qpogRxx1pnmqbTqiEXHiRe3Jgr5dPu7fKU2wv8WYFuXzHsg4cwhrFr4tEWql,
Foxborough,,,,,,
Framingham,Sheraton Tara Hotel,"December 10, 1994",3,,Our wedding day,
Franklin,3 Restaurant,"Sep 30, 2020",53,,,
Freetown,The Profile Tavern,"June 19, 2023",114,lunch,https://www.facebook.com/jessicaebowen/posts/pfbid0ZGGVkeyMxFafdkwLUmcXVJo2YWPrxAd3zwWpJgYyc6EcESF9FVyri2d9NShYBpBgl,
Gardner,Gardner Ale House,"March 8, 2024",199,supper,https://www.facebook.com/jessicaebowen/posts/pfbid03285YeFKWED3E9vaVqhoQbLnFXFzdGnMKt3Bm4LPu7xJCaR48H2XcMkwvTBXdeTsol,
Georgetown,Village Sub & Pizza,"July 7, 2024",219,breakfast,https://www.facebook.com/jessicaebowen/posts/pfbid0uJG7dWsR1h1rpBxdvXGh7dei3pYdZBNNKhNyuwydJGgSZVpxQXyKGdPoE6u8XsSNl,
Gill,The Gill Tavern,"February 3, 2024",189,supper,https://www.facebook.com/jessicaebowen/posts/pfbid02zdnReZJ22viuHmwbkUwr3p8Bya33yirypALZtrNAb5d3fBaCjUauy66Gdtvh4kh9l,
Gloucester,Gloucester Elk's Club,"August 31, 2008",38,,Meghan and Matt's wedding,
Goshen,Spruce Corner,"February 1, 2025",261,lunch,https://www.facebook.com/jessicaebowen/posts/pfbid02265gjN6VhxTNFMDR8qUDp76RDg17ZKGYbwpqtPqE9En9BpLhb8xFc9p14dG848WWl,
Grafton,,,,,,
Granby,picnic at Kellogg Hall,"March 30, 2025",266,lunch,https://www.facebook.com/jessicaebowen/posts/pfbid02XkPsDYQsuYAJNmPhuWqM9CduqiN6DHpf1weBxMowFeSb6wq8f7tyocd9s6HMUkvJl,
Granville,Harvest Festival,"October 11, 2025",287,lunch,https://www.facebook.com/jessicaebowen/posts/pfbid0VkxX2DwKNraQWpwP3ePyK7PD3QfQBKL3CP9wNjDMEnsMtGwnKNoXCAdv5zeWXQBLl,
Great Barrington,Holidan Inn Express,"September 17, 2023",148,breakfast,https://www.facebook.com/jessicaebowen/posts/pfbid028UZpScxyeZD6c8HmSaScbK2ukDLzHPtJiSjFG5aYgshB6y5iRyvtqgNTQtWprLWJl,
Greenfield,Hope & Olive,"November 10, 2023",166,supper,https://www.facebook.com/jessicaebowen/posts/pfbid0ArXjik9k4JFk4JuUvhkpofbaxYvwuWBBbJADG4JNpoyzaYDEvfktZVJyGMFeP7P7l?notif_id=1699663425251985&notif_t=feedback_reaction_generic&ref=notif,
Groton,Gibbet Hill,,,,Jenny & Mark's wedding,
Groveland,Riverside Pizza,"January 1, 2025",258,lunch,https://www.facebook.com/jessicaebowen/posts/pfbid02FMLgNKDqiiX29F2pENwt2u715NHMRq2RLe2c86pVvCCUT4nqvuRoqtyHDTSsaVJLl,
Hadley,Esselon Cafe,"August 24, 2024",234,breakfast,https://www.facebook.com/jessicaebowen/posts/pfbid0jfEyTsgSac1SJ1K5JYGzd2Bg8HhAYYhGwoHE6FQNtnVgGyLN2NZu9wYRtMFQj5t7l,
Halifax,550 Tavern,"June 1, 2024",215,supper,https://www.facebook.com/jessicaebowen/posts/pfbid0DrkFQSC5PEuaXaJ9MLQCNtXGMBWWP7ECDAYsgb9v7V3Z4k7C5PkfZwDxZpJs49J4l,
Hamilton,Pingree School,,,,Melissa and Greg's wedding,
Hampden,Reid's Corner,"December 30, 2023",181,breakfast,https://www.facebook.com/jessicaebowen/posts/pfbid02GXPYbGydMi61cwh2MDgnKHaaFwgZqwG2U5GGEACBJADT344PDvf7ddw6gPGchJqdl,
Hanover,Crossroads Cafe,"December 6, 2025",294,lunch,https://www.facebook.com/jessicaebowen/posts/pfbid0bNSQ2Yid8H4Li3GoJJG2LrytdAiv294JaK3m5r2DDEAgqU1YR8vqGz65s4Nvxo8vl,
Hanson,Connie's Restaurant,"June 1, 2025",277,breakfast,https://www.facebook.com/jessicaebowen/posts/pfbid0MFAB1ob2qfDYcKnvAyG7DUbcZ3xtNTbJ3JTpGWH9fmJkipYtjS6moRWq13Htd6pgl,
Hardwick,Jean & Bob's,,,,,
Harvard,Siam Pepper,"Mar 15, 2023",82,,https://www.facebook.com/jessicaebowen/posts/pfbid02sytyUCAz5EvNbucWiyU2W8WrDEcdC2uDMZvUwd8G8UgAYuyRGaAY6RYPBdcHzUn8l,
Harwich,Ruggie's,"Feb 23, 2023",80,,https://www.facebook.com/jessicaebowen/posts/pfbid0iLvWt3yKfSKTizzXuYiSvJv1MnfsVD8kvM3EoAF23vboRcqxPLwtKhZgiZBK5QXJl,
Haverhill,The Tap Brewhouse,"March 9, 2024",200,lunch,https://www.facebook.com/jessicaebowen/posts/pfbid02ANe2zo7BccfiQWv4jDfuwjcWvbodmtzFgd8QyqufekoBUg6hjjYrtzES1HNSPdNHl?comment_id=1256270832016327&notif_id=1710029831215715&notif_t=feed_comment&ref=notif,
Heath,Heath Fair,"August 15, 2025",283,supper,https://www.facebook.com/jessicaebowen/posts/pfbid02FCcxb4vm5QLiwgSm7uosNQbhqXQ5d6SWVYURXxoExFqRaetHrQG3Q83TjnmTDNrCl,
Hingham,Square Cafe,"October 4, 2025",286,lunch,https://www.facebook.com/jessicaebowen/posts/pfbid0FvNK1EMUZHn43VhrNKMBXLA6u8ZgFk6uYgqHJPAb7RQLyFQJcd37C1P8Fn2c4X9Ll,
Holbrook,The Connection Cafe,"January 20, 2024",186,breakfast,https://www.facebook.com/jessicaebowen/posts/pfbid0EW7P7RCfEBquT2woooEBoeRTT8pxouqvLS6Ljy8DfrhVfNrn3pLF1ogtt2k5DyAZl,
Holden,Jud & Trish's house,,,,,
Holland,Maine Attraction,"April 19, 2024",207,lunch,https://www.facebook.com/jessicaebowen/posts/pfbid031wjBeVJKFXCqZXr3mB5QUL8TqgR4jt1axynkyBLDNQx9YDLTKpFeqNyZpfrqV8ZZl,
Holliston,Bar Athena ,"Feb 1, 2023",68,,https://www.facebook.com/jessicaebowen/posts/pfbid0YwBsPW1bFfcVd1kbS1jxpGg9FbQJVTDFHimKSps6vdWrsFrHJ9d7Tf9QjajDBsPvl,
Holyoke,Woodstone Tavern,"May 24, 2025",276,lunch,https://www.facebook.com/jessicaebowen/posts/pfbid037nHWShebMYahSQvsb7FWm8EMSnozJWAGRKmrrk35dARD1kLKeGpujyHuSGmv2R2il?notif_id=1748120003298583&notif_t=feedback_reaction_generic&ref=notif,
Hopedale,Beyond Full,"June 3, 2023",107,breakfast,https://www.facebook.com/jessicaebowen/posts/pfbid02QMat6fzKmnZDCofpqSgBjozFe8j78FsPWGAxU3iZ5CP5TRb3SqqHMfgpD2ArG8Pjl?notif_id=1685812429811840&notif_t=feedback_reaction_generic&ref=notif,
Hopkinton,,,,,,
Hubbardston,Stars and Stripes Cafe,"June 24, 2023",115,breakfast,https://www.facebook.com/jessicaebowen/posts/pfbid0CEwWDkUTRYGJsKG8XU2AhWTGAQFYP21tD4LT6xU5U6JDdjH55YJkARiaGVB3mzfVl,
Hudson,Rail Trail,"Jul 11, 2015",47,,,
Hull,Sandbar,"May 27, 2023",103,,https://www.facebook.com/jessicaebowen/posts/pfbid0axDZws4PCB16QCh9PKACbyNaGzNDro7cZ2CHcJ28BcowryqUW2G7yceAyAVKxFdYl,
Huntington,Comfort Kitchen & Bar,"October 11, 2025",288,supper,https://www.facebook.com/jessicaebowen/posts/pfbid0rrz5Vj1LYWPgVCLaBcxw2V4Vu7tD7rqT8MqfDSMBJPrTM4ioRbNfJ7EoUFo2y1aVl,
Ipswich,Crane Estate,,,,Becky & Kenny's Wedding,
Kingston,Blueberry Muffin,"May 27, 2023",101,,https://www.facebook.com/jessicaebowen/posts/pfbid0axDZws4PCB16QCh9PKACbyNaGzNDro7cZ2CHcJ28BcowryqUW2G7yceAyAVKxFdYl,
Lakeville,Baldies,"July 25, 2023",136,lunch,https://www.facebook.com/jessicaebowen/posts/pfbid02irPKqwXXvFukvU6QFBU2E8wBUqcnuwRsSD1RfwWNXzQNz3sBmrTMw1uRbKag9Ebrl,
Lancaster,Sandees,"January 22, 2023",66,,https://www.facebook.com/jessicaebowen/posts/pfbid02ke5yuzTiMvTksK9qJGEX2E1aNYYYmjEgk8p2qPXopEmj44Jv9n5rckBuvN7fem75l,
Lanesborough,Bob's Country Kitchen,"July 5, 2023",120,breakfast,https://www.facebook.com/jessicaebowen/posts/pfbid02YWGL2AdLhMpYqYFjN8q3JtogqzfdotZNWva9at1sY64Eo7y9zEfivMbBLBAWyaPJl,
Lawrence,Eleven,"November 19, 2024",251,dinner,100 left! ,https://www.facebook.com/jessicaebowen/posts/pfbid09iTTPqhDSVqLHqrTqbaSZTZSyS93DXW7teGayMu3F2n3Z8bbMMvRYa53oQinaE9Zl
Lee,Joe's Diner,August 2021,54,lunch,this is the diner from the Norman Rockwell illustration with the policeman at the counter,
Leicester,Castle Cantina,"March 25, 2023",84,,https://www.facebook.com/jessicaebowen/posts/pfbid0hDvNmNBYCEgBkTrFYZamSaSHsAVNyVFhm8tELpqJkKtgkagDjPUZs4FgbWizfEfl,lunch after Link's senior recital 
Lenox,Bistro Zinc,August 2021,55,,,
Leominster,Brady's,"April 4, 2023",89,,https://www.facebook.com/jessicaebowen/posts/pfbid09T9uJCdMqV3Hk1CqNJxNbg57kxqApCTMD7X4ftSic9w8yh2n6bgXk2UDVCs3kGRgl,
Leverett,Leverett Co-Op Harvest Fest,"October 6, 2024",244,lunch,https://www.facebook.com/jessicaebowen/posts/pfbid0mWQDoRPrNJ6GbhdHMF3whYQXbViiVjTw9bixy6VwNUFYYqbcGr11cLugPVvUu6PYl,
Lexington,Avenue Deli,2010,126 sort of,,lunch with kids - seeing Jim Henson exhibit,https://www.patriotledger.com/story/entertainment/local/2010/04/10/muppets-creator-jim-henson-s/40100645007/
Lincoln,DeCordova Museum,"July 29, 2011",39,lunch,https://www.facebook.com/jessicaebowen/posts/pfbid09fT6JePRRfxcknNuREdgvVQFEamwiWpLkGEQsFbLFBJdUqVCdbY4Wr4FkaEv3UWvl,
Littleton,,,,,,
Longmeadow,Lola's,"November 16, 2024",249,lunch,https://www.facebook.com/jessicaebowen/posts/pfbid0MuNFKwrmLqNgviv1Z5Etw653jqzMWUNeEhkg7VZyjgywFN2FGeuRhh2SperNdk6vl,
Lowell,Cobblestones,"December 10, 2024",254,supper,https://www.facebook.com/jessicaebowen/posts/pfbid0jvhq9HYdTYhX6DGCVMLWzBzk5j6Qi34otXte4FgUY73mEfsf7EQuNdhKmekJkgWKl,
Ludlow,Evan's Egg House,"March 2, 2024",197,breakfast,https://www.facebook.com/jessicaebowen/posts/pfbid0JCjPpMoEp717awYRQoAFqzZvbVN8DxciNaPeS1o2W8VjzTXXQzc6toRwdjjRtZHTl,
Lunenburg,Embers Pizzeria,"July 28, 2023",137,supper,https://www.facebook.com/jessicaebowen/posts/pfbid0FnKMzBz7hLDpnVrZp6xPwgyBYXjyN4nj3opPiLw4iUtVqupjaL7FzVVQAieTWMycl,
Lynnfield,La Gallina,"January 19, 2026",296,lunch,https://www.facebook.com/jessicaebowen/posts/pfbid02YMcckKPcsYcjATz6iPikioiidfaPVTHdqGUuDQm1q6oWJBJnBc9aw1J4NDMZ5SEel,
Malden,Faces Brewing,"August 16, 2024",231,supper,https://www.facebook.com/jessicaebowen/posts/pfbid025DvwtUcunaj6qgzHeFnETMNs7SvBE7d4VTuQRSH64Cm6KqrwQeKNZMbbbJFQ8aJwl,Saw Link's new apartment
Manchester-by-the-Sea,Cala's,"December 31, 2024",257,lunch,https://www.facebook.com/jessicaebowen/posts/pfbid0279QJ7661tKqRMKUj91d8CqP8sgMxLi1QPBCPNKvD7YjX7w8CB5i4uNrXaCqU2Ahvl,
Mansfield,Hangar 12,"September 9, 2023",145,breakfast,https://www.facebook.com/jessicaebowen/posts/pfbid02nEmx2MpDwJwPF153Z9qz3joMcgUzaZTEYDgKUZ3C4FUkYjAHoLHwMkqLyq4wf9SDl,
Marion,BrewFish,"August 17, 2024",232,lunch,https://www.facebook.com/jessicaebowen/posts/pfbid02gQJaG9yNMNEEesCSEw5SUdeZJMSX8XZhf4mPGqgXRbsgrFXxRHCSRX38H9YEkwApl,
Marlborough,Welly's,"July 12, 2013",43,,https://www.facebook.com/jessicaebowen/posts/10151737704140818,
Marshfield,Mae's,"March 16, 2025",264,lunch,https://www.facebook.com/jessicaebowen/posts/pfbid02im9q4MwrS5eLySDzYwB1rmys1nUkoX25WzkmcPgf6DLuPCunjRWaNTa28nY7u6R4l,
Mashpee,Bobby Byrne's,"July 8, 2024",220,lunch,https://www.facebook.com/jessicaebowen/posts/pfbid0uVczcmZUmA4BrxFDuzyavp34Bu47SmLJkDQR9GhhBYzrmHa5m9wuUUyjpczvrgful,
Mattapoisett,Mattapoisett Diner,"February 10, 2024",192,breakfast,https://www.facebook.com/jessicaebowen/posts/pfbid02xJFwwQ4iKpmKCsMC6MKUtbEkcnTUqoDt3bTAnyaQfrDneYYVuDWXPjSdh97VvvS5l?notif_id=1707592371816508&notif_t=feedback_reaction_generic&ref=notif,
Maynard,Smack Noodle,"February 20, 2020",50,,,
Medfield,Basil,"August 9, 2023",138,supper,https://www.facebook.com/jessicaebowen/posts/pfbid028R3rzpLHvKjTtJnKmG7gPwUT1mj3jqpdS1D74fHU9MQ1yyPLqVaYz13R1WxJtjxxl?notif_id=1691624052834720&notif_t=feedback_reaction_generic&ref=notif,
Medford,Deep Cuts,"January 22, 2026",297,lunch,This was our Chronicle Episode!!!,https://www.facebook.com/jessicaebowen/posts/pfbid025weahds1BzQazVHtdpeiptoGdFeC9WYhyq9aCScZimpjM54xfXj4eQwMZY1FqfYnl
Medway,Medway Lotus,"April 28, 2023",93,,https://www.facebook.com/jessicaebowen/posts/pfbid0tzyq34PDkj3bxj1jyf5N6vq6P1ENFwV3UP2zK62cz5dCQ7511xPLj6ZVjhLcAHTzl,
Melrose,My Diner,"April 6, 2024",204,brunch,https://www.facebook.com/jessicaebowen/posts/pfbid0tVMkm7gvA2fojvBPUZ9ihKHNp3Q9wy9EdMaaLFLK6bfavRYXNRUuLyuqSaRPmCqTl,
Mendon,Mendon Drive in,"April 14, 2014",46,supper,https://www.facebook.com/ChrisPBowen/posts/pfbid0a6owh6pq4n7KfdSanX7aTB2ZQY2Pkyq4cYsTDLxh9chPj5F8Hap5ABTRBskE4Mmtl,
Merrimac,Merrimac House of Pizza,"February 18, 2024",194,lunch,https://www.facebook.com/jessicaebowen/posts/pfbid02m2CpygGnEafSY4Fh8no26dFPhnYY8yxPFYVMSSQqAbNAiMGAb5gRAf3AEe58Zcsil,
Methuen,Ellie's Farmhouse,"August 12, 2023",139,breakfast,https://www.facebook.com/jessicaebowen/posts/pfbid0HHsXMmT45c5zETpJdHJLPMMP1ZQUQi5McXsm65gqrpqC5qNhzgD7RjXDhWx892jbl,
Middleborough,Harry's Bar & Grille,"Feb 23, 2023",81,,https://www.facebook.com/jessicaebowen/posts/pfbid0iLvWt3yKfSKTizzXuYiSvJv1MnfsVD8kvM3EoAF23vboRcqxPLwtKhZgiZBK5QXJl,
Middleton,Darya's Cafe,"January 14, 2024",185,breakfast,https://www.facebook.com/jessicaebowen/posts/pfbid02uehDVDX4enPcnxXLg8gag4jMM6WKNGViivYNTsmWsa2gMKYW2jrhQqMmCJGPcT95l,
Milford,Depot St. Tavern,"Feb 4, 2023",69,,https://www.facebook.com/jessicaebowen/posts/pfbid0LFfCWEnnCgH8dEZwa3DwwYRbmwmtJHSXGLnW9Z3DFpnTUZ2dnTcTh8oJ6LQZdKSfl,
Millbury,Calabria,"May 31, 2023",105,supper,https://www.facebook.com/jessicaebowen/posts/pfbid0s6NK65CtXxJHLCbEoZHgqxKz47UCcLNT7mArFcRB7RYRLNpJCkiWAUjrQM2BqLPpl,
Millis,Avalena's,"August 24, 2023",141,supper,https://www.facebook.com/jessicaebowen/posts/pfbid02WPKxvJgxqhStyLRBfMoPMqmEfW4ZHGkxNRvtzdtj2t3CSfMBSf957zoRq9Q1CfJMl,
Millville,Mill Tavern Pizza,"January 30, 2024",187,supper,https://www.facebook.com/jessicaebowen/posts/pfbid02w5p8F6DyHqWrqZdyrjhwbbXunK3kt5TPi1SYnELUsSeLp8FzokVnDRUB3wcoRCWEl,
Milton,Steel & Rye,"March 3, 2024",198,brunch,https://www.facebook.com/jessicaebowen/posts/pfbid0xxPMdAv97561k7oFg6r8Vi9g3CmyuTHxyy7jKuMcTgRLy2TaE4LuXe4q2Dv1gpghl,
Monroe,picnic at Monroe Bridge,"April 23, 2025",271,breakfast,https://www.facebook.com/jessicaebowen/posts/pfbid02D7fJZSV9S9fkLLowoW87GzPZRRFqngzCsiQQRCbijhvuzVx5K9QVTNmJ2TFVpxDgl,
Monson,Mug 'N Muffin,"February 17, 2024",193,breakfast,https://www.facebook.com/jessicaebowen/posts/pfbid04S53Y1uaXpAo2Ce5L1TzMkFuoM2pN3xaWbhyUgJsuypnHZaDG7BVrfrMDsEafGzAl,
Montague,The Lady Killigrew Cafe,"November 10, 2023",165,lunch,https://www.facebook.com/jessicaebowen/posts/pfbid02EAQpQNgVvzTjm9Ekndv3pRAaQXBWJFmGq7xN2xKu41xxJ9xfu3udPLGWJpCT7wZol?notif_id=1699648719958699&notif_t=feedback_reaction_generic&ref=notif,
Nantucket,Rose & Crown,"July 24, 2023",135,lunch,https://www.facebook.com/jessicaebowen/posts/pfbid021vV7pYrTwyW6akw1nuKywbNu8J8H9sW5bzqJeqCYZThVRcXM4oEL5usiauy7i45rl,
Natick,,,,,,
Needham,Farmhouse,"December 14, 2021",58,,,
New Bedford,Fairfield Inn,"June 19, 2023",113,breakfast,https://www.facebook.com/jessicaebowen/posts/pfbid0ZGGVkeyMxFafdkwLUmcXVJo2YWPrxAd3zwWpJgYyc6EcESF9FVyri2d9NShYBpBgl,hotel breakfast
New Braintree,Farmer Matt's,"August 3, 2024",229,supper,https://www.facebook.com/jessicaebowen/posts/pfbid02Miw11TVFpESP5HzCApgQzhtzKtfZxUfbL73rzGvCbvFTDQdwpts5E3Txg3XtwnLvl?comment_id=391278437400116&reply_comment_id=839554268128869&notif_id=1722796165440288&notif_t=feed_comment&ref=notif,
New Salem,New Salem General Store,"October 29, 2023",162,lunch,https://www.facebook.com/jessicaebowen/posts/pfbid0vQ1URP5ggsWX8kb4AURmo4mfnuWwBMLN82yUuC7pNCr5JL5e7iZMN6c21DNxXgTjl,
Newburyport,Sea Level ,"August 12, 2020",51,,,
Newton,Cabot's,,,,,
Norfolk,Novato's Bar and Grill,"March 29, 2023",86,,https://www.facebook.com/jessicaebowen/posts/pfbid02MkpnsRXx5VxjQThEGHqycTaRJCixFhYDmp59uniu9iXQGmzJpSEfM3N9NuzYJmol,
North Adams,Tourists Welcome Hotel,"May 20, 2023",98,,https://www.facebook.com/jessicaebowen/posts/pfbid02Lcgk1wa6vMqgZBh1yTYrYMKzZrtA2bzEj67tVYF3ssJWAbCxJvHB6JM5o2HaT5Ubl,
North Andover,Friendly Toast,"July 4, 2024",218,breakfast,https://www.facebook.com/jessicaebowen/posts/pfbid0xYsFjXJCJiP84YKY9g5n2w26HXjFebMDNGC3Uf8QCLRZSFwEvcctcoPs5rqofL6yl,
North Attleborough,Cucina 38,"November 8, 2023",164,supper,https://www.facebook.com/jessicaebowen/posts/pfbid0CYpRwSVc5ApJ26yRmjBfNZKApswAUwHgFSE3mcoKprAMYZS2XZ95PAGhzyRuwuxsl,
North Brookfield,Common Ground Ciderworks,"June 16, 2024",217,lunch,https://www.facebook.com/jessicaebowen/posts/pfbid0SZo9pJTvKQogVPjNbCH6Ju5wAFLqszKVTCWoavP77KifKR1WUFaMRLAVYWXTUT1Ll,
North Reading,Nan's Cafe,"January 1, 2024",184,breakfast,https://www.facebook.com/jessicaebowen/posts/pfbid0pfjdw4P5cDbg1rxXvSk1BvR8QMc6grJ7nbyZpA3yuTq6nfBfrqfrPe5o3y7tuzv9l,
Northampton,Jakes,"April 20, 2024",209,breakfast,https://www.facebook.com/jessicaebowen/posts/pfbid0rX2Jo9zhGLqk3sKQ864JRuLfXwJTcWJ712nnty4tKfxjMvMHVT88ZFuvAUTyZeiLl,
Northborough,Rancho Corona ,"Aug 5, 2021",57,,,
Northbridge,Kyoto Grill,"April 12, 2023",90,,https://www.facebook.com/jessicaebowen/posts/pfbid02EfftHfJKjpuhckB89w6Giis9sJsCUHgnd4mzCXMjSxpM7597nKY9XFsRJE4f7pyNl,"Actually, the villiage of Whitinsville but that's not its own town"
Northfield,Mim's,"November 3, 2024",248,lunch,https://www.facebook.com/jessicaebowen/posts/pfbid035o4hED9bKySAQtWhVuRfiKbGsj9ZWoU2kTPsHwEbzdD6dhPhDnbG9F2XRkBv8MvFl,
Norton,Fiesta Mexican Restaurant,"September 20, 2023",150,supper,https://www.facebook.com/photo?fbid=10161016989105818&set=pcb.10161016963190818,
Norwell,Tinker's Son,"April 6, 2025",267,brunch,https://www.facebook.com/jessicaebowen/posts/pfbid02vAqkHArJdd9qm9PmkCNDZarxoBV2nMhUqvYuid23N1B7NykMmiM9f6cAEZEch9Ul,
Norwood,The Chateau,,,,,
Oak Bluffs,Nomans,"July 19, 2023",130,lunch,https://www.facebook.com/jessicaebowen/posts/pfbid025VYY8viMRJvm39jsUHu2FG5TbdUUZN5YNMWWj1EjmQon6DQuHqhtNJchnCXCXdzql,
Oakham,Agronomy Vineyard,"October 5, 2024",242,lunch,https://www.facebook.com/jessicaebowen/posts/pfbid0e7XsXYYtfPnkiJ8jWcSGc1yGHF6KRWY1CgRPHV1SZM7pVETpdQJpmgtvmmECjDUSl,
Orange,White Cloud Diner,"September 24, 2023",151,breakfast,https://www.facebook.com/jessicaebowen/posts/pfbid0sdtwMPeZiEzeTVz8iEbhkmiSvAhSkqLbEns6fcRMB7AXzwtT6qmifMeK9ZXKL7cnl,
Orleans,Mahoney's Atlantic Bar & Grill,"Feb 20, 2023",74,,https://www.facebook.com/jessicaebowen/posts/pfbid04cMRUb5o8pZ6v8rNX82PZ9JGDh4zicpzKjc5ouUvUmMHU9E8EAUZzRCxNU34UTrdl,
Oxford,Carl's Oxford Diner,"Feb 18, 2023",72,,https://www.facebook.com/jessicaebowen/posts/pfbid0ChQaaQC7cBg6ZM2WHow7QP5TwobtTbzeihXYV2MCA5EPNnJPTj8VZt4WUsMKLDSJl,
Palmer,Paramount Pizza,"July 4, 2023",119,lunch,https://www.facebook.com/jessicaebowen/posts/pfbid02yDkqH9dzdu2yvQJd7p1HwrUqtCEishp1hNqPx8e8nsiSSNdcQzjdd9LyMpa2SnCHl,
Paxton,Paxton House of Pizza,"Dec 8, 2022",61,,after Link's recital,
Pembroke,Towne Tavern and Treehouse,"August 10, 2024",230,lunch,https://www.facebook.com/jessicaebowen/posts/pfbid02RAgRe21rX6ds7kJGbfRXCZ24o78ry5agtxBs25Mk9DPvnTTenHf3wtQ5JVMHY2wXl,
Pepperell,Franny's Diner,"Dec 10, 2022",62,,https://www.facebook.com/jessicaebowen/posts/pfbid0jPXzLXrEuZg7Dct1MQG1UndXZzcFUkLB9nYFKoBD8S31ZomR2TKub2TJaMnJJXsCl,
Petersham,The Country Store,"April 29, 2023",94,,https://www.facebook.com/jessicaebowen/posts/pfbid02vQ4QbHiweG9PMx1DgJUxMfukih3D8t4uswusNAGtCBuo4DuiPoK3KaaD8ZNLBRWZl,
Phillipston,Red Apple Farm,"June 29, 2025",279,lunch,https://www.facebook.com/jessicaebowen/posts/pfbid0R3ewmTgCuBzktNSQUhnk9JWxprj9LE5t9AMp1Z5FcSmeEpRdmCAq27hj65rsCpqPl?notif_id=1751228527057665&notif_t=feedback_reaction_generic&ref=notif,
Pittsfield,District Kitchen & Bar,"July 5, 2023",122,supper,https://www.facebook.com/jessicaebowen/posts/pfbid0b6yZm54VH7ugh4bH66EffivbnVWQUnbzFAaBfuHZDwi5aAzCwd7k6L4ex4iYfidal,
Plainville,Stone Ridge Grill and Bar,"April 25, 2023",92,,https://www.facebook.com/jessicaebowen/posts/pfbid02XDdrQaaD4V6VaytnYT9pKG2sFzykGXDoa8PQt3m79LZmdck4nd49YYCUz7TUMmf3l,
Plymouth,Dillon's Local,"May 26, 2023",100,,https://www.facebook.com/jessicaebowen/posts/pfbid0hiPcAQfy8ScHCsnAjGYUyvvVYu4px4xL65JcrBitYXvFur2X7iJH3zfcjKg5ZTail,
Plympton,KKatie's Burgers Express,"April 25, 2025",272,supper,https://www.facebook.com/jessicaebowen/posts/pfbid0oN5xAhBJVtFMb8x8grtYjA1Z7Dn5Zp5oK8qAQYNztnEKcii9Ne5gzXsm48Er7Q6Fl?notif_id=1745620473079867&notif_t=feedback_reaction_generic&ref=notif,
Princeton,Mountain Side Bakery & Cafe,"June 11, 2023",109,breakfast,https://www.facebook.com/jessicaebowen/posts/pfbid0PxDhS7Qpme6ByCH5K7VFM3eYiZG4q87U9TjcwGWfoonHFpVEah8RBdUc4SwGJr9fl,
Provincetown,The Canteen,"Feb 21, 2023",76,,https://www.facebook.com/jessicaebowen/posts/pfbid0ZdHD4TuhUJD5JZNEoRwmRcDYiywZV1LsmB4SxohZwybjzeJXDkXUTbxMhx8ctCzTl,
Quincy,Original Dunkin Donuts,"July 21, 2024",227,lunch,https://www.facebook.com/jessicaebowen/posts/pfbid02mvAVQ4vXV5BtzADiRP9LUNRSRVtVYarEBykKNh8yzwp4xMjJom8nq3vxYm774grMl,https://www.facebook.com/jessicaebowen/posts/pfbid02PDCZbLDQ7hM8Ai1vLdAixVz79z475gBEkQymAvkZxdWfR8vqiaLyRGS4ZXQhStA4l
Randolph,West End Grill,"July 21, 2024",228,supper,https://www.facebook.com/jessicaebowen/posts/pfbid02nH8gLDUMa2L38RjmfyB7gL1oUsv14wxucra4ngdpZn4svotuhyxSRXHsqP94QYQSl,
Raynham,Barrels & Boards,"November 15, 2023",168,Supper,https://www.facebook.com/jessicaebowen/posts/pfbid0QVDVaQq3r9wB6nPrKdh4GQ22bcc9z3ee8XUVULzwbKUqcfc368et7qB5g6Tw4UCwl,
Reading,Half and Half,"December 3, 2023",175,breakfast,Half Way Through!,https://www.facebook.com/jessicaebowen/posts/pfbid0ioBbEd2SGSMFJanGeCVUUCnKXJ4LWDxtMRqX1qv3YBakHCUNjWX2Lt1jBKL9nfQ6l
Rehoboth,Rehoboth Baking Co,"October 13, 2024",245,lunch,https://www.facebook.com/jessicaebowen/posts/pfbid02uvgXmSfxEaUp8qMa4jyHrEykkKU6Z8uhSA4h7GAzy4B56frvyMcaqNoNE7QGWLYSl?notif_id=1728849991427144&notif_t=feedback_reaction_generic&ref=notif,
Revere,Dryft,"March 8, 2026",298,lunch,https://www.facebook.com/jessicaebowen/posts/pfbid0RkCqJ5o7AzDAPhpmNTXQeCQYYeo8Smpoxpyw6KCZTrMaLZVdiezkMdEFuKpf11Adl,
Richmond,picnic at Balderdash Cellars,"July 5, 2023",121,lunch,https://www.facebook.com/jessicaebowen/posts/pfbid0ib5xQg8dYiMCvu3wfUo2VCMjgnvupheStchVGWDgBxNEMSQSrM8ti6cArHJ52Gujl,
Rochester,Costa's Kintchen,"November 17, 2024",250,lunch,https://www.facebook.com/jessicaebowen/posts/pfbid02YtHANgaEAUy2oJXYYXTTeTRs3soF6uuFeyw8721YjJviBTAh34sxUiMvxQxPeJNsl,
Rockland,Stevie G's,"May 5, 2024",212,breakfast,https://www.facebook.com/jessicaebowen/posts/pfbid0vovQujq5oymhTqbDzJqksuwMQuM8FZRdfuUXJyB4av7wV1zodVjJSQC6UYcKZ5oJl,
Rockport,Feather & Wedge,"December 31, 2023",183,late night dinner,One of our best meals!,https://www.facebook.com/jessicaebowen/posts/pfbid02SJJMbo5vCoiBEHXAqCpNZ2YU1ygadReBwN9DUn743amQQqrH7f4JDUPjsc7QvLoCl
Rowley,American BBQ,"December 31, 2023",182,supper,https://www.facebook.com/jessicaebowen/posts/pfbid02YZRVzRwTC9iLjRkoBpY3GkySi9PhdHAwhiDtiGi2hRq87yfrjWo5ruLuBob47eDUl,
Royalston,Music Fest,"August 10, 2025",282,lunch,https://www.facebook.com/jessicaebowen/posts/pfbid02bkRxa1zNDMZAcMkwt7KX3gJUtEAs9bj9HmTVAVnXYwLPyHQn7GMLbdRXbUahCJ3yl,
Russell,food trucks at park at canoe race,"April 20, 2024",210,lunch,https://www.facebook.com/jessicaebowen/posts/pfbid02CKhH8pJDrb1BzgvQ8s2M8yUHEkeSpujovoeAi3CzQ5cgNcuGsdb2VJwPTYSt8ophl,
Rutland,Ladds,"Jan 26, 2023",67,,https://www.facebook.com/profile/606180817/search/?q=Rutland,
Salem,Peabody Essex Museum,"December 31, 2003",37,supper,Jenny and Dean's wedding,
Sandwich,Cafe Chew,"Feb 20, 2023",73,,https://www.facebook.com/jessicaebowen/posts/pfbid02eih9WhD182U6EQV2X9jzKdBsdWL9zjPmXsdceBKeWvMs6quzKMm6djnKbU7r1ibwl,
Saugus,Kowloon,"October 24, 2025",290,supper,https://www.facebook.com/jessicaebowen/posts/pfbid0jeAtqVUMX8vAoyPzCLDJDaBCqW8kiiSCQZ94XGLDPvbnakaJT3fXAVSX1w76HdUal,
Scituate,Mill Wharf,"May 4, 2025",273,lunch,https://www.facebook.com/jessicaebowen/posts/pfbid0PM1SdzNfp5Dm33Ka9UcJwjc846pu7RksdRvR2t2j2yCUG82gdpop5btgz9nNG6Rnl,
Seekonk,Payton's,"November 8, 2023",167,breakfast,https://www.facebook.com/jessicaebowen/posts/pfbid02CHkaJJkrSWHJnpd5NvSQhF1MRJVhyxcQA97WkEz3M9kESex4YfDgoM4rjjTpTYJKl,
Sharon,Angel's Cafe,"September 3, 2023",143,breakfast,https://www.facebook.com/jessicaebowen/posts/pfbid027thkVzzAhM9VZ1teqDTTrwANK5L8tCyfb1JoUTMiQRmMoVa2h3GTeU9LE3FtFoYXl?notif_id=1693758048901260&notif_t=feedback_reaction_generic&ref=notif,
Sherborn,Heritage ,"January 2, 2023",65,,https://www.facebook.com/jessicaebowen/posts/pfbid0iQHLn5ZrbJhkACiAWAwf79wDxBDWs26wPUvEWepAQJw8wqYL5gsPqcMyoUxaenwcl,
Shirley,Bull Run Restaurant,"December 2, 2016",48,,Suzanne Vega Concert,
Shrewsbury,Willy's Steakhouse Grill & Sushi Bar,,,,,
Somerset,Somerset Grille,"March 28, 2026",301,lunch,https://www.facebook.com/jessicaebowen/posts/pfbid0V1hLeJAuQF5GYw1LuxCrxxgYkBy6u19kvLXBriM15LvuiGXV7DBKphA7XPcKyHtRl,
Somerville,Blue Elephant,"January 25, 2025",260,lunch,https://www.facebook.com/jessicaebowen/posts/pfbid04FnNNd49rRPcoAwEfjQEUa2sCH7g1bNgdHCZfoqSJEbQHAqG7n9QUdx4SqWQM56yl,
South Hadley,Yarde Tavern,"November 29, 2024",252,lunch,https://www.facebook.com/jessicaebowen/posts/pfbid0RpCkNegH11vu9zcdMsTjDLdotik5MPmi2L24NB5U6WEYJ19Mr75CkDJ2Nm9vgJApl,
Southampton,Paisano's,"October 26, 2024",246,lunch,https://www.facebook.com/jessicaebowen/posts/pfbid0ujDvSPCVTi7DgKKVTYycDQHvVXGKznebAomBUzdT93aabR65R4QiyLsYLiTrM8DUl,
Southborough,Owen O'Leary's,,,,,
Southbridge,Elm Centre Cafe,"November 18, 2023",169,breakfast,https://www.facebook.com/jessicaebowen/posts/pfbid0S2Dq8MJGddFm2QAWPu1tnoDx3iVi3PiWdhQ7TH3faw3DHq3e2k56Y9E4Fghc8Gqxl,
Southwick,The Launch,"September 14, 2024",238,lunch,https://www.facebook.com/jessicaebowen/posts/pfbid02yQvkXsfys8bvrXM1LfYdRuxX4cMzSP2c272VGSfc77YgwEaLYyAU5sy6CZsjdThgl,
Spencer,Black & White Grille,"September 7, 2023",144,supper,https://www.facebook.com/jessicaebowen/posts/pfbid02vNfeThrKJcoNv3gjKXgjKBj2drtRL34aSND3az2HNk5h3sQ3ibpN9AE1nHXbKhyGl?notif_id=1694131302898901&notif_t=feedback_reaction_generic&ref=notif,
Sterling,Sterling Inn,Dec 2002,36,,Santa Breakfast when kids were little ,https://www.facebook.com/jessicaebowen/posts/1503605453439336:1503605453439336
Stockbridge,Michael's Restaurant,"August 2, 2021",56,,,
Stoneham,Nobilty Hill Tavern,"March 10, 2024",201,lunch,https://www.facebook.com/jessicaebowen/posts/pfbid02VW8aurLzofsfAy7eoi33Q5k9uFHWbi7iovoDQYNbChm9WZYoJLJ2NmrzesBCAMXl,
Stoughton,Avocados,"October 21, 2023",158,lunch,https://www.facebook.com/jessicaebowen/posts/pfbid0348RG6FoqEJCtdTkiotSWBYfmzo7t97hf9W1tCSvJANA83MEdgaXRraPhF8HcmQUDl,
Stow,Nancy's Air Field Cafe,,,,,
Sturbridge,Publick House,,,,,
Sudbury,Bullfinch's,"July 29, 2013",44,,https://www.facebook.com/photo?fbid=10151773110290818&set=a.10150214672100818,
Sunderland,Bridgeside Grille,"October 6, 2024",243,breakfast,https://www.facebook.com/jessicaebowen/posts/pfbid02uk5tifhudM267rtfKLw3bku6YH45qgz73tYoaHenBzrbtn449NSrDhddvbwThswul,
Sutton,Little Coffee Bean,"May 10, 2025",274,lunch,https://www.facebook.com/jessicaebowen/posts/pfbid026yKcxRcfC7PXdPkLkUigZYCNj3f4oc2VF2BaB1svZJc2T9Dc8zbYt29F1hnNnwcEl,
Swampscott,Dockside Pub,"June 18, 2025",278,lunch,https://www.facebook.com/jessicaebowen/posts/pfbid02WUHdHetYRJymNR7FHMtoGKzM29RiXrUjcu8fZhqfYW1MbcPt1VG5HW7TCoUugYYbl,
Swansea,The Aviary,"October 27, 2024",247,brunch,https://www.facebook.com/jessicaebowen/posts/pfbid02Y9nSr2RygSahr54nGmhphVSnraoWRiuJ9mMSUzmCDgVDTqAG2DEuQtauP5szs4Xjl?comment_id=854780563484912&notif_id=1730058554831130&notif_t=feed_comment&ref=notif,
Taunton,Home Plate Bay Street Grill,"June 18, 2023",111,lunch,https://www.facebook.com/jessicaebowen/posts/pfbid028LS9LK8uqaqpgcoms2sinmkkCX2nrMuAb6TSQ1VkgjJfwhLeVEx7joWs4zt2rA1ol,
Templeton,KRO's on the Common,"July 6, 2023",124,lunch,https://www.facebook.com/jessicaebowen/posts/pfbid025hYsrDrrGdrFJcuLf5A7FURF7VD8iJUaU4ShVLBwTZV6kcZPrcUfkhzj1HW4vYShl,
Tewksbury,Mexica burritos,"Feb 13, 2023",71,,https://www.facebook.com/jessicaebowen/posts/pfbid0GLACTwWNPUjbBjKSc41i86dW1msY1fHYNrrFrNhs1kjj65zdNWsttfTT3HuusPvYl,
Tisbury,Mikado,"July 18, 2023",129,supper,https://www.facebook.com/jessicaebowen/posts/pfbid0Xq4rts6DxbdC5a24TVvDqB7FDH7qgRvtha5EwR1BTdchHu5dCNKCCVCzapeVebVzl,
Topsfield,Topsfield Fair,October 2000,35,,,
Townsend,Baileys,"August 16, 2023",140,supper,https://www.facebook.com/jessicaebowen/posts/pfbid0NQpCe4DN9yUFJXTghCULz3oVb9zyR8n358FCAyLFm4CbR49E4meYxT9CzYvwDqfPl,
Truro,Montano's,"Feb 21, 2023",77,,https://www.facebook.com/jessicaebowen/posts/pfbid0ZdHD4TuhUJD5JZNEoRwmRcDYiywZV1LsmB4SxohZwybjzeJXDkXUTbxMhx8ctCzTl,
Tyngsborough,Dream Diner,"July 1, 2023",118,breakfast,https://www.facebook.com/jessicaebowen/posts/pfbid029jNCPVGd2q147k9vn2p6jxtK9Ygv7paPa4G9ffaimCjyWNp3jtoWzLzQ63FsXrVyl?notif_id=1688229535260358&notif_t=feedback_reaction_generic&ref=notif,
Upton,Red Rock Grill,"Sep 23, 2020",52,,,
Uxbridge,Uxlocale,"July 12, 2023",125,supper,https://www.facebook.com/jessicaebowen/posts/pfbid0UZN8cUigz7G9TziFWAfEVFDYPvhuNJWXP2uCRpurBfrVk1RotHBVzwbT1TNHFYNAl,
Wales,Lake George Tavern,"September 17, 2023",149,lunch,https://www.facebook.com/jessicaebowen/posts/pfbid04aW7WKZfMXb7eoJ4EjGK6VK9yfXF7UW27A14WrncvPCZuLPrsgiURmaAEgT1FGbCl,
Walpole,Boylston Schul-Verein,"May 11, 2023",96,supper,https://www.facebook.com/jessicaebowen/posts/pfbid032Jq7kbM8iW62kd8A93Rq5wbN3QuR9AZUtF7qEgqZfWt8Xf8jJKkBT1dmbJKH9ZkKl,Chris's German Schul celebration
Waltham,Wilson's Diner ,,,,,
Ware,Mexicali Grill,"November 21, 2023",170,supper,https://www.facebook.com/jessicaebowen/posts/pfbid0a6xJjcTaEDRMgimcmDk4aLRkoieQHWLYjFEP1DZAto9SxC83fEX3Q1QRgGREwe2ml,
Wareham,Quahog Republic,"May 4, 2024",211,lunch,https://www.facebook.com/jessicaebowen/posts/pfbid02h495BZK4xXX5fzZTFUZJVVRy2BcNoj2KFD5dxgoU8TxismouZXnE6RS35PZuLaiyl,
Warren,Mason's Grille,"November 24, 2023",171,breakfast,https://www.facebook.com/jessicaebowen/posts/pfbid0czvS6j5Z6fGHyvrpoV2AZqG7B8Rq1jnFgeLuuFDqfGZvDfifV9kcUBrUtiQGe2Jel,
Warwick,none - picnic,"January 10, 2026",295,lunch,https://www.facebook.com/jessicaebowen/posts/pfbid02GfEUAMKpPawDhrivL7MUdgTTpPXzmQd7j3VRJ6XViG95MhdT7VWMiojFYiiuoNiEl,
Watertown,Ritcey-East,"October 18, 2023",157,lunch,https://www.facebook.com/jessicaebowen/posts/pfbid02vbuVaxVYhGShX4M6L2jAV4aHkgSPXzscjb8mXbAekVkWZgF9jmx3NfVv6jay5peUl,
Wayland,Coach Grill,"December 31, 2022",64,supper,"We've eaten in Wayland before this, but we did have a New Year's dinner here",
Webster,Samuel Slater's,"March 19, 2023",83,supper,https://www.facebook.com/jessicaebowen/posts/pfbid0fef61tGpEVMc5NYjFBke5SnPAbVrcaFakBMBQkVXChKJoYqT4YpKWw54a8KaVa7nl,
Wellesley,Blue Ginger,,,,,
Wellfleet,PB Boulangerie,"February 22, 2023",78,lunch,https://www.facebook.com/jessicaebowen/posts/pfbid031vBR8L1khk9ryC8Qp8ipLHHja3X6MASo5SQaKqriWGnYmfEk1kpLCb4vcndQX87zl,
West Boylston,,,,,,
West Bridgewater,DayBreak Family Restaurant,"December 9, 2023",177,breakfast,https://www.facebook.com/jessicaebowen/posts/pfbid037h59dzLyGzFycxpGuT8NGKoSF5YxjW4t8yjaqTDxQUjve6NQmPzX1ox6crkgnt75l,
West Brookfield,Salem Cross Inn,"December 10, 2023",178,dinner,https://www.facebook.com/jessicaebowen/posts/pfbid0nQmAd8Q43UbEh5Y5ZMmV38ioXpSuSSzJg4AWBH2J7HBJdHV7CAYwWFPb2GypzPHal,
West Springfield,Big E,,,,,
West Tisbury,Woods (Lambert's Cove Inn),"July 22, 2023",133,supper,https://www.facebook.com/jessicaebowen/posts/pfbid022UGGUavUkDpZWQmKh3Hn1phFKPmywYpJbJka2xvcJ8vRAje4uCKxoaZt9mkpz9nyl,
Westborough,Mandarin,"December 15, 2022",63,,but we've eaten in Westborough many times before this,
Westfield,Gini & Paul's,,,,,
Westford,Westford Regency,,,brunch,,
Westhampton,Fall Festival,"October 12, 2025",289,lunch,https://www.facebook.com/jessicaebowen/posts/pfbid029VRH3V54yfkU8gtLq8QBDvgbbafPA79NdRY4jrcV7oNvBh5bjBM2GZxXCsDZpJEil,
Westminster,The Old Mill,"February 11, 2023",70,supper,https://www.facebook.com/jessicaebowen/posts/pfbid0WgoAyaAzhFMnuNsfwLPhmJtsif7BSB3CZHPMdyEF5QGfYxGgNAoH5syJFB83rLiul,
Weston,Regis College Cafeteria,"October 1, 1993",1,supper,when we first met for a rehearsal and pizza was served,
Westwood,Neroli Ristorante,"June 27, 2023",117,supper,https://www.facebook.com/jessicaebowen/posts/pfbid02Pf5h11TADWH45oX2bN4isoJheqGMNqBTZhhxgBxTyRxUPZo53iLUyMTJNivvKg2ql,"first appearance of map at restaurant; comment section explains rules, maybe for the frst time?"
Weymouth,Mad Hatter,"December 8, 2024",253,brunch,https://www.facebook.com/jessicaebowen/posts/pfbid0366Ldj3pcdSRRjYvHWTdEprkgSarTHWgVy7eL5NgJSFtQvkGstep2qbSu7wjYF4ygl,
Whately,Nouria Whately Diner,"September 28, 2025",285,lunch,https://www.facebook.com/jessicaebowen/posts/pfbid09kGLk36mZ45esYVNx2aAUJWi2kF3GSKf55nqYh74tPdaLrDkHJxFHye691uqS7tZl,
Whitman,Nellie Rose,"September 22, 2024",239,breakfast,https://www.facebook.com/jessicaebowen/posts/pfbid022m6zdSVRwGqPtugachLuXLTDy5aZn967kvZNBMNRnm54Ep9AwWTUaJtaySiBfxXzl,
Wilbraham,Village Store Cafe,"November 23, 2025",293,lunch,https://www.facebook.com/jessicaebowen/posts/pfbid02fiPJgszXSnND5K5cjkbxYfFwWDZYNvEqGW9yPoT9som3qeLtRNap4pJJHZh9dmd7l,
Williamsburg,Panda Garden,"April 19, 2024",208,supper,https://www.facebook.com/jessicaebowen/posts/pfbid0Ddhw36VXS6JaxTXtquibsadAQQMhVqELvansYqadsubcgTHZwVWLR5nCdLRWbd3Sl,
Williamstown,Coyote Flaco,"May 19, 2023",97,supper,https://www.facebook.com/jessicaebowen/posts/pfbid0S4JbnsewLgEMjPz2nGy1H8MkXpdkXMrAvYrjwkmLiJ2VXCdpmnAFcY2Wwig4Rhhhl,
Wilmington,Tremezzo,"September 5, 2024",237,supper,https://www.facebook.com/jessicaebowen/posts/pfbid02VH6o6SMHhLx1RTmePip2tCgMPXQEqKUJ2Nq16LYJeWBTdHKpHtRcvh1b4xK2kGJfl,
Winchendon,Cruisin' 12 Diner,"August 26, 2023",142,breakfast,https://www.facebook.com/jessicaebowen/posts/pfbid0aYuF9q4bptUfUNY578Xt87KUjAZ4BCfjjVqBhPAqeupxx71EF5pvSqGxLNVY5Jv9l,
Winchester,Lucia Ristorante,"March 17, 2024",202,lunch,https://www.facebook.com/jessicaebowen/posts/pfbid0rsKMQwjUxbsXggd1yHdkwSNdG46gruKCafWSsQYuJU1HsF57kwhxr2LSKnvKr3KWl,
Winthrop,Mexico en Tu Casa,"October 25, 2025",291,lunch,https://www.facebook.com/jessicaebowen/posts/pfbid0hJeCDDV9FixwaFuD4eAxdwERFBt1yY9EfMTmiLFGxV1z7Ydfe6n2oiSov4qNiGcpl,
Woburn,Krave,"July 15, 2023",127,brunch,https://www.facebook.com/jessicaebowen/posts/pfbid0AuCEQoNe6Loi7Rp4TKR9t9H6ouh2yujZ9WAgmoaQRzHkE5QWVEyY7z1bNcoxi9BBl,
Worcester,Angela's on Park ave,1992,2,,Among many many others,"Also, on April 25, 2014, went to Coney Island Hot Dogs with the fam https://www.facebook.com/ChrisPBowen/posts/pfbid02ub2NsHgHL3hsD3NkbfQw2tBhuGqJFL2ukGutGz93RzmWUkiWP7E2aNDwhbfBXrysl"
Wrentham,Cracker Barrel,"June 25, 2013",42,,,
Yarmouth,Skipper Chowder House,"July 10, 2024",223,lunch,https://www.facebook.com/jessicaebowen/posts/pfbid0VZzr8uYAjhSQGB2CLLtPzpoyMjpqpgyH6RsUKJgdavvkzrsvNnkCgQGFDdJ3t8pYl,